{"cameraMode":{"drawMode":0,"name":"Shaded","section":"Shading Mode"},"sceneLighting":true,"audioPlay":false,"sceneViewState":{"m_AlwaysRefresh":false,"showFog":true,"showSkybox":true,"showFlares":true,"showImageEffects":true,"showParticleSystems":true,"showVisualEffectGraphs":true,"m_FxEnabled":true},"in2DMode":false,"pivot":{"x":-669.71435546875,"y":2.4163315296173097,"z":199.5606689453125},"rotation":{"x":-0.007529758382588625,"y":-0.8496260643005371,"z":-0.012611307203769684,"w":0.5268423557281494},"size":0.029924022033810617,"orthographic":false}